python-clox	0	  /gnu/store/2bmf903i205lalkqi65y6fvd6zxg1sp8-python-clox-0.9.8.drv
fcitx5-pinyin-starrail	0	  /gnu/store/ncx8bhy1y1bal454k65gincwi59c994n-fcitx5-pinyin-starrail-0.9.8.drv
teleport-client-bin	0	  /gnu/store/c00pj2cfk0i9zd9a6q46fmfc6m8ji1d4-teleport-client-bin-0.9.8.drv
fcitx5-meta	0	  /gnu/store/yvnnc4lq4a7lq08r4adggyw91xla8yfb-fcitx5-meta-0.9.8.drv
python-pdf2doi	0	  /gnu/store/y9qf4dfxyzzhfdwvpf0imw2sxpjqkgp3-python-pdf2doi-0.9.8.drv
quakewatch	0	  /gnu/store/3vkcqjgk7lvjykwfl97xqb2ggvdrixqf-quakewatch-0.9.8.drv
ragnarwm	0	  /gnu/store/r3h6fyi5gqdazbcja6sbcam2chajmj01-ragnarwm-0.9.8.drv
python-uploadserver	0	  /gnu/store/9v3fi2gsvsc6kas1nwnh668vhh2mnngz-python-uploadserver-0.9.8.drv
xterminal-bin	0	  /gnu/store/lwjvjaadicbx593xcrs2xi6qvzp05hzv-xterminal-bin-0.9.8.drv
ect	0	  /gnu/store/rbyw2pjqrgb74m1lay2ls6w3sj7yghbv-ect-0.9.8.drv
btrustbiss	0	  /gnu/store/2q3vjwbww4z3d4ba4yk7dpm54madzsyv-btrustbiss-0.9.8.drv
ttf-gentium-basic	0	  /gnu/store/5ikzjivjv5y8jngcrifacl3mqadavv55-ttf-gentium-basic-0.9.8.drv
auth0-bin	0	  /gnu/store/kq943891bn4718dn6ibly4qrc1d782h7-auth0-bin-0.9.8.drv
fbthrift	0	  /gnu/store/yii13913yqlbgijdb073b7vvl93ajjcf-fbthrift-0.9.8.drv
wired	0	  /gnu/store/848l5prvc0lny4plnvb7sv0lm43r14z4-wired-0.9.8.drv
rancher-desktop-bin	0	  /gnu/store/hcxg141s4lk564acbkn16ix5hzgh4c2p-rancher-desktop-bin-0.9.8.drv
hyprland-workspaces	0	  /gnu/store/6i0khdibqmx873r2kj9sczan7iqy0xwr-hyprland-workspaces-0.9.8.drv
hyprland-workspaces-tui	0	  /gnu/store/6s83ppkvcgw7s40jxdvxwch1jlchqr72-hyprland-workspaces-tui-0.9.8.drv
hid-velocityone-multi-shift	0	  /gnu/store/5l2bjxyi3hpr56rhvx32c5cz1lj5qykf-hid-velocityone-multi-shift-0.9.8.drv
tiptop-cli	0	  /gnu/store/d2wlc5wk1wfjx702328jg7hyfz1kipi8-tiptop-cli-0.9.8.drv
brother-mfc-9970cdw	0	  /gnu/store/h1baa6vxsgmdxzsd6c6zf2hgd3sa5s9x-brother-mfc-9970cdw-0.9.8.drv
telegram-bot-api-git	0	  /gnu/store/2565p7rvqa72ra2w4lzf5gd0f1159p5y-telegram-bot-api-git-0.9.8.drv
heirloom-doctools	0	  /gnu/store/0zq1p8k5m6smhnxsbxk226jzrkbcjlka-heirloom-doctools-0.9.8.drv
ytify	0	  /gnu/store/hqwpwk4b5jb7pn3nvrqsim0v7197ks9k-ytify-0.9.8.drv
libinput-no-gestures	0	  /gnu/store/nnl32ach3przi1485k4p1ndhprmq1dhs-libinput-no-gestures-0.9.8.drv
imapgoose	0	  /gnu/store/zwc6v0qh2r7061pp9xf0zjqi5gnxvspq-imapgoose-0.9.8.drv
kst	0	  /gnu/store/x7q5ayixa4i8jfh1gwhjd2dpa978nmjj-kst-0.9.8.drv
futubull-desktop-bin	0	  /gnu/store/m93hyqsfn8qrff9iggyfimpiirxhlgi7-futubull-desktop-bin-0.9.8.drv
rtimelog	0	  /gnu/store/mpdvbpab0qm1l7qpg2q9l0mzbl27igpm-rtimelog-0.9.8.drv
rtimelogger	0	  /gnu/store/0cbsawppxq8xz8f53pdjnxz403qpw6aj-rtimelogger-0.9.8.drv
typeracer	0	  /gnu/store/dkndmfdb4d3fla279781cf0d7nmla3hi-typeracer-0.9.8.drv
dopamine	0	  /gnu/store/hkh3kqxrj3czg0a1n7cmv0z4z1c9cnzx-dopamine-0.9.8.drv
rzip	0	  /gnu/store/5czyzb04c0hpx814sgcb9i1r6js2xgxa-rzip-0.9.8.drv
marble-marcher-ce	0	  /gnu/store/6v739c8nmq3dy2x54z8ljj30x76683vz-marble-marcher-ce-0.9.8.drv
pipewire-module-xrdp	0	  /gnu/store/jfzy8qypa0kbbdhgyyj6x0bgmjxvknd3-pipewire-module-xrdp-0.9.8.drv
feluda-bin	0	  /gnu/store/s7yz2clygxs7yrfcr39wm4ccf9p8sd58-feluda-bin-0.9.8.drv
wasmrun-bin	0	  /gnu/store/vlb7fwqpy2ikfjll4irma2gajabcxaj1-wasmrun-bin-0.9.8.drv
java17-openjfx-bin	0	  /gnu/store/phvnh5nqvbkc81h3p15068gb06244wv3-java17-openjfx-bin-0.9.8.drv
python-javalang	0	  /gnu/store/0kgwdygi3hfm6m55cmy3fbqwjb3fw3h7-python-javalang-0.9.8.drv
wordlist-git	0	  /gnu/store/r36n88lxr4wqfh7d3z6fl97hn6a29scc-wordlist-git-0.9.8.drv
bindiff	0	  /gnu/store/jd5qi6lbvdbgr43d31bdwwwk7idday3q-bindiff-0.9.8.drv
libreoffice-extension-h2orestart	0	  /gnu/store/34vvxpnvifn5c5bhibigvb4wfwxsrw2c-libreoffice-extension-h2orestart-0.9.8.drv
container2wasm-git	0	  /gnu/store/9hywjcyqqkbpplk88siz4pvsxr38s545-container2wasm-git-0.9.8.drv
dssat-csm-os-git	0	  /gnu/store/mhak6gczqrlxh0y86k5i1lwfazvjxsiy-dssat-csm-os-git-0.9.8.drv
dyad-git	0	  /gnu/store/kl04sl3rca4ivc2x0xb6djsglsqw19si-dyad-git-0.9.8.drv
sot	0	  /gnu/store/x36hj97rxcchf8b4c5hrq2wl47pff8cq-sot-0.9.8.drv
navicat17-premium-en	0	  /gnu/store/wi4bk5y7rdwrddnvws4454gfqzp1mp3f-navicat17-premium-en-0.9.8.drv
ollama-for-amd	0	  /gnu/store/sj93884qrmz7naiwzc83kh974jncmsrr-ollama-for-amd-0.9.8.drv
cervisia	0	  /gnu/store/85r5spavv8538d79l7szhi6rhznhg35g-cervisia-0.9.8.drv
harmonoid-bin	0	  /gnu/store/a78y198qxsprk7jpxdqibhhcvmgd1f7h-harmonoid-bin-0.9.8.drv
jdk21-temurin	0	  /gnu/store/n80p1i3h0zadwwa62wfl8pg91crakmgk-jdk21-temurin-0.9.8.drv
maretf-bin	0	  /gnu/store/dhvc38jmfc81n0xp8is7m6i118b3sp0a-maretf-bin-0.9.8.drv
clash-verge-rev-autobuild-bin	0	  /gnu/store/y9migm03zawnw1py9vzllifzhwrkpxgj-clash-verge-rev-autobuild-bin-0.9.8.drv
hyprqt6engine-git	0	  /gnu/store/f1p90ijxya5gqhlsmkspmp8cmlk0g52h-hyprqt6engine-git-0.9.8.drv
idplugclassic-ro-cei-bin	0	  /gnu/store/l22ljjbjwdh6z9db7wawmqqvdrqby7k9-idplugclassic-ro-cei-bin-0.9.8.drv
ocr-fonts	0	  /gnu/store/3fnk6q9rqmjdarymr9nvcdhrgn7ncr56-ocr-fonts-0.9.8.drv
checkstyle-bin	0	  /gnu/store/zmprwfh121jjr2pa0gdiqbcsqvlxzg1z-checkstyle-bin-0.9.8.drv
barmer-ecare-bin	0	  /gnu/store/qmsjx42x5v4wqyrzzi7gmjr2x7yd1dd2-barmer-ecare-bin-0.9.8.drv
qdia	0	  /gnu/store/sx5gry703m076h4f12lqhrv6nqdbxjqb-qdia-0.9.8.drv
osslsigncode	0	  /gnu/store/6axp97i4fygwa618880hmmk2axx5vibf-osslsigncode-0.9.8.drv
libresplit-git	0	  /gnu/store/2pnmjkji6vfpcy3zlcrx7bgk5347050v-libresplit-git-0.9.8.drv
terraform-bin	0	  /gnu/store/12239l38clw0rgaa425gx3vq0gv84q1x-terraform-bin-0.9.8.drv
marimo	0	  /gnu/store/pr1whxz1mvyflmyg4inv2g3plawirk8d-marimo-0.9.8.drv
texlive-installer	0	  /gnu/store/h4a78s8f09vr16fs430rwnm99mxb5mw1-texlive-installer-0.9.8.drv
acestream-engine	0	  /gnu/store/cm51bq2m4qsiyknq6d9hwwf8ywgw8xpv-acestream-engine-0.9.8.drv
rofi-games	0	  /gnu/store/15lhzmcq08hgc711slp2zxh4mvf0l85b-rofi-games-0.9.8.drv
python-pybeam	0	  /gnu/store/8y6cb8dk6bv4lvk7kf3jiyzn74x5wiqy-python-pybeam-0.9.8.drv
waybar-updates	0	  /gnu/store/i4yqcqzw0ls8bf43arf552ydfw8m4f2w-waybar-updates-0.9.8.drv
pacsea-git	0	  /gnu/store/gkblhjr2hqrnz85haz9pwgcj84ach86y-pacsea-git-0.9.8.drv
espionage	0	  /gnu/store/7kdpgqmy1rs28rsqdx09j6drl3q6b59s-espionage-0.9.8.drv
aylurs-gtk-shell-git	0	  /gnu/store/jcgg7sk5ffxznmmayy6c2qcgvd2s4h20-aylurs-gtk-shell-git-0.9.8.drv
lightdm-settings	0	  /gnu/store/s3vpgwpc2w399ngjmb4bnmjzq48llxn1-lightdm-settings-0.9.8.drv
flite1	0	  /gnu/store/pjy8qy1dm9wy59nnmskbnwjh02qfhv8h-flite1-0.9.8.drv
googler	0	  /gnu/store/9q13rqv6pzmf9d0sx01d3npbwllimwr5-googler-0.9.8.drv
rollup	0	  /gnu/store/fkv9skkm63zh9ljsyjh45wsqn7an449x-rollup-0.9.8.drv
lact-headless-bin	0	  /gnu/store/gkv75pizjr27hy4d7qsld2ys5fair1g2-lact-headless-bin-0.9.8.drv
clipvault-bin	0	  /gnu/store/0pqwp88s0adgr4psjixaprzn3qn75ipl-clipvault-bin-0.9.8.drv
jre-jetbrains	0	  /gnu/store/ac8jmwxn2wind3v224yy8r3rxxz2jjy3-jre-jetbrains-0.9.8.drv
openssh-askpass	0	  /gnu/store/hil69b4yd5j7y52s80i1irivrs3vj5c5-openssh-askpass-0.9.8.drv
virt-v2v	0	  /gnu/store/326jda2g8ccwna2z6f1ihd6wlqw5wmxc-virt-v2v-0.9.8.drv
gnome-monitor-config-git	0	  /gnu/store/q3wqc9z6p0ckzp0jkqz57irg5cxp3588-gnome-monitor-config-git-0.9.8.drv
sysinfo	0	  /gnu/store/iyddarzn5p2j6636m46m49hnc1rlp9zp-sysinfo-0.9.8.drv
playonlinux	0	  /gnu/store/2zyinxl7n4snk9s3xh96h3lb0nyxc1v8-playonlinux-0.9.8.drv
flow-control-git	0	  /gnu/store/nfch1rldfkk38hvw2bd5a5h4p35c4b28-flow-control-git-0.9.8.drv
python-pipe	0	  /gnu/store/b03b0mz5hrzvjvn5phlwxk6xx7ygy765-python-pipe-0.9.8.drv
updpkgsrcs	0	  /gnu/store/p2lxsskzwlzdba8n36jdy9sg61ls88fc-updpkgsrcs-0.9.8.drv
ttf-aptos	0	  /gnu/store/w15xza0ibcz9hy86gqhpi92a1pjyvjzr-ttf-aptos-0.9.8.drv
picotron	0	  /gnu/store/9h4v3vpnz9hdvj3f8zpp0rz04c6h2pdk-picotron-0.9.8.drv
python-pympress	0	  /gnu/store/kf52vla5g7nw8r9nnc4zcn8dhl7b3824-python-pympress-0.9.8.drv
goldendict	0	  /gnu/store/m5hl7xp61qi4vi597k7w5k25pvvikwf5-goldendict-0.9.8.drv
ccstudio	0	  /gnu/store/lv17gzf6543fz4a26j0lyq7626h3yqpn-ccstudio-0.9.8.drv
pamac-tray-icon-plasma	0	  /gnu/store/ya20z02ib5iqkk43hwn3xwlzzigjd6w5-pamac-tray-icon-plasma-0.9.8.drv
hoppscotch-bin	0	  /gnu/store/62s323rivrav0cv93awdin026xq82nfi-hoppscotch-bin-0.9.8.drv
agesafetch	0	  /gnu/store/zx7wpp2qjwpif4vln7akjmcl07qpyqqm-agesafetch-0.9.8.drv
vkd3d-proton-bin	0	  /gnu/store/msl232ag4vq364sbpswws9lksd34j4z0-vkd3d-proton-bin-0.9.8.drv
ficsit-cli-bin	0	  /gnu/store/7jwlg4xqm7izxpwra78c0wlg3x8y1hcx-ficsit-cli-bin-0.9.8.drv
unetbootin	0	  /gnu/store/5nqdlay38whycpvxrn9kxnl61p9px1s8-unetbootin-0.9.8.drv
cmake-format	0	  /gnu/store/zvx5qlcv306lncc3lx41arz6dq7619iy-cmake-format-0.9.8.drv
keepass-plugin-keechallenge	0	  /gnu/store/anr95jivxhlm0fx0inh4hgm5g88dbf34-keepass-plugin-keechallenge-0.9.8.drv
webcord	0	  /gnu/store/p7z157lghirakmvqx0idcivwzwa6117n-webcord-0.9.8.drv
